{
  "content": [
    {
      "path": "build.py",
      "size": 2056,
      "date": 132503765120682525
    },
    {
      "path": "de-DE.locPak",
      "size": 2669,
      "date": 132507170500000000
    },
    {
      "path": "en-US.locPak",
      "size": 2142,
      "date": 132507170500000000
    },
    {
      "path": "es-ES.locPak",
      "size": 2617,
      "date": 132507170500000000
    },
    {
      "path": "fr-FR.locPak",
      "size": 2511,
      "date": 132507170500000000
    },
    {
      "path": "it-IT.locPak",
      "size": 2439,
      "date": 132507170500000000
    },
    {
      "path": "pl-PL.locPak",
      "size": 2703,
      "date": 132507170500000000
    },
    {
      "path": "pt-BR.locPak",
      "size": 2504,
      "date": 132507170500000000
    },
    {
      "path": "ru-RU.locPak",
      "size": 3852,
      "date": 132507170500000000
    },
    {
      "path": "Effects/LIGHT_Longitude_BeaconBelly.fx",
      "size": 2372,
      "date": 132565013660000000
    },
    {
      "path": "Effects/LIGHT_Longitude_BeaconBellyLeft.fx",
      "size": 2244,
      "date": 132565363100000000
    },
    {
      "path": "Effects/LIGHT_Longitude_BeaconBellyRight.fx",
      "size": 2245,
      "date": 132565363140000000
    },
    {
      "path": "Effects/LIGHT_Longitude_BeaconTop.fx",
      "size": 2382,
      "date": 132565204920000000
    },
    {
      "path": "Effects/LIGHT_Longitude_BeaconTopLeft.fx",
      "size": 2370,
      "date": 132565205080000000
    },
    {
      "path": "Effects/LIGHT_Longitude_BeaconTopRight.fx",
      "size": 2370,
      "date": 132565205220000000
    },
    {
      "path": "Effects/LIGHT_Longitude_LandingBelly.fx",
      "size": 1233,
      "date": 132565013660000000
    },
    {
      "path": "Effects/LIGHT_Longitude_LogoLight.fx",
      "size": 1277,
      "date": 132565013660000000
    },
    {
      "path": "Effects/LIGHT_Longitude_NavigationGreen.fx",
      "size": 1158,
      "date": 132565013660000000
    },
    {
      "path": "Effects/LIGHT_Longitude_NavigationRed.fx",
      "size": 1155,
      "date": 132565013660000000
    },
    {
      "path": "Effects/LIGHT_Longitude_NavigationWhite.fx",
      "size": 1353,
      "date": 132565013660000000
    },
    {
      "path": "Effects/LIGHT_Longitude_StrobeSimple.fx",
      "size": 4716,
      "date": 132565013660000000
    },
    {
      "path": "Effects/LIGHT_Longitude_Taxi.fx",
      "size": 1288,
      "date": 132565013660000000
    },
    {
      "path": "Effects/LIGHT_Longitude_vLandingBelly.fx",
      "size": 1229,
      "date": 132565013660000000
    },
    {
      "path": "Effects/texture/FX_ulm-strobe01.PNG.dds",
      "size": 87556,
      "date": 132565013660000000
    },
    {
      "path": "Effects/texture/fx_ulm-strobe01.png.DDS.FLAGS",
      "size": 21,
      "date": 132565013660000000
    },
    {
      "path": "Effects/texture/FX_ulm-strobe01.PNG.DDS.json",
      "size": 144,
      "date": 132565013660000000
    },
    {
      "path": "Effects/texture/FX_ulm03.PNG.dds",
      "size": 87556,
      "date": 132531657680000000
    },
    {
      "path": "Effects/texture/fx_ulm03.png.DDS.FLAGS",
      "size": 21,
      "date": 132531657680000000
    },
    {
      "path": "Effects/texture/FX_ulm03.PNG.DDS.json",
      "size": 144,
      "date": 132531657680000000
    },
    {
      "path": "SimObjects/AirPlanes/Asobo_Longitude/ai.cfg",
      "size": 1279,
      "date": 132584034120000000
    },
    {
      "path": "SimObjects/AirPlanes/Asobo_Longitude/aircraft.cfg",
      "size": 3282,
      "date": 132598048231626485
    },
    {
      "path": "SimObjects/AirPlanes/Asobo_Longitude/aircraft.loc",
      "size": 15018,
      "date": 132507170500000000
    },
    {
      "path": "SimObjects/AirPlanes/Asobo_Longitude/cameras.cfg",
      "size": 23278,
      "date": 132547758880000000
    },
    {
      "path": "SimObjects/AirPlanes/Asobo_Longitude/cockpit.cfg",
      "size": 5105,
      "date": 132560833280000000
    },
    {
      "path": "SimObjects/AirPlanes/Asobo_Longitude/engines.cfg",
      "size": 10170,
      "date": 132583586720000000
    },
    {
      "path": "SimObjects/AirPlanes/Asobo_Longitude/flight_model.cfg",
      "size": 20762,
      "date": 132598065748842628
    },
    {
      "path": "SimObjects/AirPlanes/Asobo_Longitude/systems.cfg",
      "size": 16149,
      "date": 132565014040000000
    },
    {
      "path": "SimObjects/AirPlanes/Asobo_Longitude/panel.FDEFix/PANEL.CFG",
      "size": 1463,
      "date": 132597902553660471
    },
    {
      "path": "SimObjects/AirPlanes/Asobo_Longitude/panel.FDEFix/PANEL.XML",
      "size": 45148,
      "date": 132572301520000000
    }
  ]
}