{
  "content": [
    {
      "path": "de-DE.locPak",
      "size": 2669,
      "date": 132542718782015818
    },
    {
      "path": "en-US.locPak",
      "size": 2142,
      "date": 132542718781985773
    },
    {
      "path": "es-ES.locPak",
      "size": 2617,
      "date": 132542718781965766
    },
    {
      "path": "fr-FR.locPak",
      "size": 2511,
      "date": 132542718782025774
    },
    {
      "path": "it-IT.locPak",
      "size": 2439,
      "date": 132542718782025774
    },
    {
      "path": "pl-PL.locPak",
      "size": 2703,
      "date": 132542718781975769
    },
    {
      "path": "pt-BR.locPak",
      "size": 2504,
      "date": 132542718781955769
    },
    {
      "path": "RTC/Asobo_Longitude/RTC_EMPTY.spb",
      "size": 234,
      "date": 132582095061231053
    },
    {
      "path": "RTC/Asobo_Longitude/RTC_Hangar.spb",
      "size": 2267,
      "date": 132582095061271324
    },
    {
      "path": "ru-RU.locPak",
      "size": 3852,
      "date": 132542718781995792
    },
    {
      "path": "SimObjects/Airplanes/Asobo_Longitude/aircraft.loc",
      "size": 15018,
      "date": 132323595900000000
    },
    {
      "path": "SimObjects/Airplanes/Asobo_Longitude/Approach.FLT",
      "size": 3413,
      "date": 132393653930000000
    },
    {
      "path": "SimObjects/Airplanes/Asobo_Longitude/apron.flt",
      "size": 3043,
      "date": 132393611650000000
    },
    {
      "path": "SimObjects/Airplanes/Asobo_Longitude/Checklist.loc",
      "size": 13176,
      "date": 132393784480000000
    },
    {
      "path": "SimObjects/Airplanes/Asobo_Longitude/climb.FLT",
      "size": 2165,
      "date": 132393653830000000
    },
    {
      "path": "SimObjects/Airplanes/Asobo_Longitude/Cruise.FLT",
      "size": 3413,
      "date": 132393653700000000
    },
    {
      "path": "SimObjects/Airplanes/Asobo_Longitude/final.FLT",
      "size": 2154,
      "date": 132393653580000000
    },
    {
      "path": "SimObjects/Airplanes/Asobo_Longitude/gameplay.cfg",
      "size": 1322,
      "date": 132001547150000000
    },
    {
      "path": "SimObjects/Airplanes/Asobo_Longitude/hangar.flt",
      "size": 3063,
      "date": 132393653540000000
    },
    {
      "path": "SimObjects/Airplanes/Asobo_Longitude/model/Cessna_Citation_Longitude_INTERIOR_LOD01.bin",
      "size": 5418222,
      "date": 132542718466997756
    },
    {
      "path": "SimObjects/Airplanes/Asobo_Longitude/model/Cessna_Citation_Longitude_INTERIOR_LOD01.gltf",
      "size": 823679,
      "date": 132542718467128058
    },
    {
      "path": "SimObjects/Airplanes/Asobo_Longitude/model/Cessna_Citation_Longitude_INTERIOR_LOD02.bin",
      "size": 2344298,
      "date": 132542718477617904
    },
    {
      "path": "SimObjects/Airplanes/Asobo_Longitude/model/Cessna_Citation_Longitude_INTERIOR_LOD02.gltf",
      "size": 1064841,
      "date": 132542718477728202
    },
    {
      "path": "SimObjects/Airplanes/Asobo_Longitude/model/Cessna_Citation_Longitude_INTERIOR_LOD03.bin",
      "size": 353864,
      "date": 132542718482498281
    },
    {
      "path": "SimObjects/Airplanes/Asobo_Longitude/model/Cessna_Citation_Longitude_INTERIOR_LOD03.gltf",
      "size": 250337,
      "date": 132542718482548282
    },
    {
      "path": "SimObjects/Airplanes/Asobo_Longitude/model/Cessna_Citation_Longitude_INTERIOR_LOD04.bin",
      "size": 74406,
      "date": 132542718483738036
    },
    {
      "path": "SimObjects/Airplanes/Asobo_Longitude/model/Cessna_Citation_Longitude_INTERIOR_LOD04.gltf",
      "size": 41696,
      "date": 132542718483747999
    },
    {
      "path": "SimObjects/Airplanes/Asobo_Longitude/model/Cessna_Citation_Longitude_INTERIOR_LOD05.bin",
      "size": 40866,
      "date": 132542718484108027
    },
    {
      "path": "SimObjects/Airplanes/Asobo_Longitude/model/Cessna_Citation_Longitude_INTERIOR_LOD05.gltf",
      "size": 32427,
      "date": 132542718484127995
    },
    {
      "path": "SimObjects/Airplanes/Asobo_Longitude/model/Cessna_Citation_Longitude_LOD01.bin",
      "size": 9636688,
      "date": 132582095093914209
    },
    {
      "path": "SimObjects/Airplanes/Asobo_Longitude/model/Cessna_Citation_Longitude_LOD01.gltf",
      "size": 329922,
      "date": 132582095093964354
    },
    {
      "path": "SimObjects/Airplanes/Asobo_Longitude/model/Cessna_Citation_Longitude_LOD02.bin",
      "size": 5400142,
      "date": 132582095101509087
    },
    {
      "path": "SimObjects/Airplanes/Asobo_Longitude/model/Cessna_Citation_Longitude_LOD02.gltf",
      "size": 325454,
      "date": 132582095101549368
    },
    {
      "path": "SimObjects/Airplanes/Asobo_Longitude/model/Cessna_Citation_Longitude_LOD03.bin",
      "size": 2088660,
      "date": 132542718773895215
    },
    {
      "path": "SimObjects/Airplanes/Asobo_Longitude/model/Cessna_Citation_Longitude_LOD03.gltf",
      "size": 302263,
      "date": 132542718773935137
    },
    {
      "path": "SimObjects/Airplanes/Asobo_Longitude/model/Cessna_Citation_Longitude_LOD04.bin",
      "size": 1045690,
      "date": 132585499997806755
    },
    {
      "path": "SimObjects/Airplanes/Asobo_Longitude/model/Cessna_Citation_Longitude_LOD04.gltf",
      "size": 203697,
      "date": 132585499997836752
    },
    {
      "path": "SimObjects/Airplanes/Asobo_Longitude/model/Cessna_Citation_Longitude_LOD05.bin",
      "size": 563986,
      "date": 132585499998246732
    },
    {
      "path": "SimObjects/Airplanes/Asobo_Longitude/model/Cessna_Citation_Longitude_LOD05.gltf",
      "size": 106789,
      "date": 132585499998266741
    },
    {
      "path": "SimObjects/Airplanes/Asobo_Longitude/model/Cessna_Citation_Longitude_LOD06.bin",
      "size": 521836,
      "date": 132582095104149453
    },
    {
      "path": "SimObjects/Airplanes/Asobo_Longitude/model/Cessna_Citation_Longitude_LOD06.gltf",
      "size": 95538,
      "date": 132582095104169441
    },
    {
      "path": "SimObjects/Airplanes/Asobo_Longitude/model/model.CFG",
      "size": 688,
      "date": 132200215180000000
    },
    {
      "path": "SimObjects/Airplanes/Asobo_Longitude/Notice.txt",
      "size": 169,
      "date": 132325539370000000
    },
    {
      "path": "SimObjects/Airplanes/Asobo_Longitude/panel/PANEL.CFG",
      "size": 1463,
      "date": 132466446040000000
    },
    {
      "path": "SimObjects/Airplanes/Asobo_Longitude/runway.FLT",
      "size": 3143,
      "date": 132398167160000000
    },
    {
      "path": "SimObjects/Airplanes/Asobo_Longitude/sound/Asobo_Longitude.PC.PCK",
      "size": 61950637,
      "date": 132506180350000000
    },
    {
      "path": "SimObjects/Airplanes/Asobo_Longitude/soundai/Asobo_Longitude_AI.PC.PCK",
      "size": 8272822,
      "date": 132375736960000000
    },
    {
      "path": "SimObjects/Airplanes/Asobo_Longitude/target_performance.cfg",
      "size": 1639,
      "date": 131929020020000000
    },
    {
      "path": "SimObjects/Airplanes/Asobo_Longitude/taxi.flt",
      "size": 2969,
      "date": 132393653170000000
    },
    {
      "path": "SimObjects/Airplanes/Asobo_Longitude/TEXTURE/DIGITALSCREENDEFAULT_COMP.PNG.DDS",
      "size": 5636,
      "date": 132542717806971020
    },
    {
      "path": "SimObjects/Airplanes/Asobo_Longitude/TEXTURE/DIGITALSCREENDEFAULT_COMP.PNG.DDS.json",
      "size": 191,
      "date": 132542717806951021
    },
    {
      "path": "SimObjects/Airplanes/Asobo_Longitude/TEXTURE/FLIGHT_SIMULATOR_LOGO.PNG.DDS",
      "size": 496,
      "date": 132542718781825766
    },
    {
      "path": "SimObjects/Airplanes/Asobo_Longitude/TEXTURE/FLIGHT_SIMULATOR_LOGO.PNG.DDS.json",
      "size": 119,
      "date": 132542718781785775
    },
    {
      "path": "SimObjects/Airplanes/Asobo_Longitude/TEXTURE/LONGITUDE_AIRFRAME_DECALS1_ALBD.PNG.DDS",
      "size": 5592560,
      "date": 132542717734584870
    },
    {
      "path": "SimObjects/Airplanes/Asobo_Longitude/TEXTURE/LONGITUDE_AIRFRAME_DECALS1_ALBD.PNG.DDS.json",
      "size": 119,
      "date": 132542717734484855
    },
    {
      "path": "SimObjects/Airplanes/Asobo_Longitude/TEXTURE/LONGITUDE_AIRFRAME_DECALS1_COMP.PNG.DDS",
      "size": 1398276,
      "date": 132542717603459169
    },
    {
      "path": "SimObjects/Airplanes/Asobo_Longitude/TEXTURE/LONGITUDE_AIRFRAME_DECALS1_COMP.PNG.DDS.json",
      "size": 191,
      "date": 132542717603409157
    },
    {
      "path": "SimObjects/Airplanes/Asobo_Longitude/TEXTURE/LONGITUDE_AIRFRAME_DECALS1_NORM.PNG.DDS",
      "size": 5592560,
      "date": 132542717616269318
    },
    {
      "path": "SimObjects/Airplanes/Asobo_Longitude/TEXTURE/LONGITUDE_AIRFRAME_DECALS1_NORM.PNG.DDS.json",
      "size": 160,
      "date": 132542717616189305
    },
    {
      "path": "SimObjects/Airplanes/Asobo_Longitude/TEXTURE/LONGITUDE_AIRFRAME_DECALS2_ALBD.PNG.DDS",
      "size": 1398256,
      "date": 132542717379149112
    },
    {
      "path": "SimObjects/Airplanes/Asobo_Longitude/TEXTURE/LONGITUDE_AIRFRAME_DECALS2_ALBD.PNG.DDS.FLAGS",
      "size": 18,
      "date": 132246952190000000
    },
    {
      "path": "SimObjects/Airplanes/Asobo_Longitude/TEXTURE/LONGITUDE_AIRFRAME_DECALS2_ALBD.PNG.DDS.json",
      "size": 119,
      "date": 132542717379099116
    },
    {
      "path": "SimObjects/Airplanes/Asobo_Longitude/TEXTURE/LONGITUDE_AIRFRAME_EMISSIVE_ALBD.PNG.DDS",
      "size": 699192,
      "date": 132542717663477999
    },
    {
      "path": "SimObjects/Airplanes/Asobo_Longitude/TEXTURE/LONGITUDE_AIRFRAME_EMISSIVE_ALBD.PNG.DDS.json",
      "size": 102,
      "date": 132542717663458005
    },
    {
      "path": "SimObjects/Airplanes/Asobo_Longitude/TEXTURE/LONGITUDE_AIRFRAME_EMISSIVE_COMP.PNG.DDS",
      "size": 1398276,
      "date": 132542717630765632
    },
    {
      "path": "SimObjects/Airplanes/Asobo_Longitude/TEXTURE/LONGITUDE_AIRFRAME_EMISSIVE_COMP.PNG.DDS.json",
      "size": 191,
      "date": 132542717630705635
    },
    {
      "path": "SimObjects/Airplanes/Asobo_Longitude/TEXTURE/LONGITUDE_AIRFRAME_EMISSIVE_NORM.PNG.DDS",
      "size": 1398256,
      "date": 132542717611549247
    },
    {
      "path": "SimObjects/Airplanes/Asobo_Longitude/TEXTURE/LONGITUDE_AIRFRAME_EMISSIVE_NORM.PNG.DDS.json",
      "size": 160,
      "date": 132542717611509231
    },
    {
      "path": "SimObjects/Airplanes/Asobo_Longitude/TEXTURE/LONGITUDE_AIRFRAME_ENGINE_ALBD.PNG.DDS",
      "size": 2796344,
      "date": 132542718726743480
    },
    {
      "path": "SimObjects/Airplanes/Asobo_Longitude/TEXTURE/LONGITUDE_AIRFRAME_ENGINE_ALBD.PNG.DDS.json",
      "size": 102,
      "date": 132542718726683481
    },
    {
      "path": "SimObjects/Airplanes/Asobo_Longitude/TEXTURE/LONGITUDE_AIRFRAME_ENGINE_COMP.PNG.DDS",
      "size": 5592580,
      "date": 132542718698393133
    },
    {
      "path": "SimObjects/Airplanes/Asobo_Longitude/TEXTURE/LONGITUDE_AIRFRAME_ENGINE_COMP.PNG.DDS.json",
      "size": 191,
      "date": 132542718698262848
    },
    {
      "path": "SimObjects/Airplanes/Asobo_Longitude/TEXTURE/LONGITUDE_AIRFRAME_ENGINE_NORM.PNG.DDS",
      "size": 5592560,
      "date": 132542717610059209
    },
    {
      "path": "SimObjects/Airplanes/Asobo_Longitude/TEXTURE/LONGITUDE_AIRFRAME_ENGINE_NORM.PNG.DDS.json",
      "size": 160,
      "date": 132542717609979290
    },
    {
      "path": "SimObjects/Airplanes/Asobo_Longitude/TEXTURE/LONGITUDE_AIRFRAME_FUSELAGE1_ALBD.PNG.DDS",
      "size": 2796344,
      "date": 132542718716133333
    },
    {
      "path": "SimObjects/Airplanes/Asobo_Longitude/TEXTURE/LONGITUDE_AIRFRAME_FUSELAGE1_ALBD.PNG.DDS.json",
      "size": 102,
      "date": 132542718716053334
    },
    {
      "path": "SimObjects/Airplanes/Asobo_Longitude/TEXTURE/LONGITUDE_AIRFRAME_FUSELAGE1_COMP.PNG.DDS",
      "size": 5592580,
      "date": 132542718538236497
    },
    {
      "path": "SimObjects/Airplanes/Asobo_Longitude/TEXTURE/LONGITUDE_AIRFRAME_FUSELAGE1_COMP.PNG.DDS.json",
      "size": 191,
      "date": 132542718538106496
    },
    {
      "path": "SimObjects/Airplanes/Asobo_Longitude/TEXTURE/LONGITUDE_AIRFRAME_FUSELAGE1_NORM.PNG.DDS",
      "size": 5592560,
      "date": 132542717357997196
    },
    {
      "path": "SimObjects/Airplanes/Asobo_Longitude/TEXTURE/LONGITUDE_AIRFRAME_FUSELAGE1_NORM.PNG.DDS.json",
      "size": 160,
      "date": 132542717357897186
    },
    {
      "path": "SimObjects/Airplanes/Asobo_Longitude/TEXTURE/LONGITUDE_AIRFRAME_FUSELAGE2_ALBD.PNG.DDS",
      "size": 2796344,
      "date": 132542718734843601
    },
    {
      "path": "SimObjects/Airplanes/Asobo_Longitude/TEXTURE/LONGITUDE_AIRFRAME_FUSELAGE2_ALBD.PNG.DDS.json",
      "size": 102,
      "date": 132542718734793596
    },
    {
      "path": "SimObjects/Airplanes/Asobo_Longitude/TEXTURE/LONGITUDE_AIRFRAME_FUSELAGE2_COMP.PNG.DDS",
      "size": 5592580,
      "date": 132542718645253249
    },
    {
      "path": "SimObjects/Airplanes/Asobo_Longitude/TEXTURE/LONGITUDE_AIRFRAME_FUSELAGE2_COMP.PNG.DDS.json",
      "size": 191,
      "date": 132542718645132953
    },
    {
      "path": "SimObjects/Airplanes/Asobo_Longitude/TEXTURE/LONGITUDE_AIRFRAME_FUSELAGE2_NORM.PNG.DDS",
      "size": 5592560,
      "date": 132542717657497909
    },
    {
      "path": "SimObjects/Airplanes/Asobo_Longitude/TEXTURE/LONGITUDE_AIRFRAME_FUSELAGE2_NORM.PNG.DDS.json",
      "size": 160,
      "date": 132542717657397910
    },
    {
      "path": "SimObjects/Airplanes/Asobo_Longitude/TEXTURE/LONGITUDE_AIRFRAME_HUBLOT_ALBD.PNG.DDS",
      "size": 349680,
      "date": 132542717376879080
    },
    {
      "path": "SimObjects/Airplanes/Asobo_Longitude/TEXTURE/LONGITUDE_AIRFRAME_HUBLOT_ALBD.PNG.DDS.json",
      "size": 119,
      "date": 132542717376859081
    },
    {
      "path": "SimObjects/Airplanes/Asobo_Longitude/TEXTURE/LONGITUDE_AIRFRAME_HUBLOT_COMP.PNG.DDS",
      "size": 349700,
      "date": 132542717351176673
    },
    {
      "path": "SimObjects/Airplanes/Asobo_Longitude/TEXTURE/LONGITUDE_AIRFRAME_HUBLOT_COMP.PNG.DDS.json",
      "size": 191,
      "date": 132542717351146960
    },
    {
      "path": "SimObjects/Airplanes/Asobo_Longitude/TEXTURE/LONGITUDE_AIRFRAME_HUBLOT_EMIS.PNG.DDS",
      "size": 1398256,
      "date": 132542717360017227
    },
    {
      "path": "SimObjects/Airplanes/Asobo_Longitude/TEXTURE/LONGITUDE_AIRFRAME_HUBLOT_EMIS.PNG.DDS.json",
      "size": 119,
      "date": 132542717359957215
    },
    {
      "path": "SimObjects/Airplanes/Asobo_Longitude/TEXTURE/LONGITUDE_AIRFRAME_HUBLOT_INTERIOR_ALBD.PNG.DDS",
      "size": 2796344,
      "date": 132542717744295003
    },
    {
      "path": "SimObjects/Airplanes/Asobo_Longitude/TEXTURE/LONGITUDE_AIRFRAME_HUBLOT_INTERIOR_ALBD.PNG.DDS.json",
      "size": 102,
      "date": 132542717744224998
    },
    {
      "path": "SimObjects/Airplanes/Asobo_Longitude/TEXTURE/LONGITUDE_AIRFRAME_HUBLOT_INTERIOR_COMP.PNG.DDS",
      "size": 5592580,
      "date": 132542717563401828
    },
    {
      "path": "SimObjects/Airplanes/Asobo_Longitude/TEXTURE/LONGITUDE_AIRFRAME_HUBLOT_INTERIOR_COMP.PNG.DDS.json",
      "size": 191,
      "date": 132542717563251832
    },
    {
      "path": "SimObjects/Airplanes/Asobo_Longitude/TEXTURE/LONGITUDE_AIRFRAME_HUBLOT_INTERIOR_NORM.PNG.DDS",
      "size": 5592560,
      "date": 132542717661237968
    },
    {
      "path": "SimObjects/Airplanes/Asobo_Longitude/TEXTURE/LONGITUDE_AIRFRAME_HUBLOT_INTERIOR_NORM.PNG.DDS.json",
      "size": 160,
      "date": 132542717661117964
    },
    {
      "path": "SimObjects/Airplanes/Asobo_Longitude/TEXTURE/LONGITUDE_AIRFRAME_HUBLOT_NORM.PNG.DDS",
      "size": 87536,
      "date": 132542717351436655
    },
    {
      "path": "SimObjects/Airplanes/Asobo_Longitude/TEXTURE/LONGITUDE_AIRFRAME_HUBLOT_NORM.PNG.DDS.json",
      "size": 160,
      "date": 132542717351406652
    },
    {
      "path": "SimObjects/Airplanes/Asobo_Longitude/TEXTURE/LONGITUDE_AIRFRAME_LANDINGGEAR_ALBD.PNG.DDS",
      "size": 2796344,
      "date": 132542717342022799
    },
    {
      "path": "SimObjects/Airplanes/Asobo_Longitude/TEXTURE/LONGITUDE_AIRFRAME_LANDINGGEAR_ALBD.PNG.DDS.json",
      "size": 102,
      "date": 132542717341942802
    },
    {
      "path": "SimObjects/Airplanes/Asobo_Longitude/TEXTURE/LONGITUDE_AIRFRAME_LANDINGGEAR_COMP.PNG.DDS",
      "size": 5592580,
      "date": 132542717436236417
    },
    {
      "path": "SimObjects/Airplanes/Asobo_Longitude/TEXTURE/LONGITUDE_AIRFRAME_LANDINGGEAR_COMP.PNG.DDS.json",
      "size": 191,
      "date": 132542717436146402
    },
    {
      "path": "SimObjects/Airplanes/Asobo_Longitude/TEXTURE/LONGITUDE_AIRFRAME_LANDINGGEAR_NORM.PNG.DDS",
      "size": 5592560,
      "date": 132542717369998981
    },
    {
      "path": "SimObjects/Airplanes/Asobo_Longitude/TEXTURE/LONGITUDE_AIRFRAME_LANDINGGEAR_NORM.PNG.DDS.json",
      "size": 160,
      "date": 132542717369908978
    },
    {
      "path": "SimObjects/Airplanes/Asobo_Longitude/TEXTURE/LONGITUDE_AIRFRAME_LIVERY_ALBD.PNG.DDS",
      "size": 5592560,
      "date": 132542717647536189
    },
    {
      "path": "SimObjects/Airplanes/Asobo_Longitude/TEXTURE/LONGITUDE_AIRFRAME_LIVERY_ALBD.PNG.DDS.json",
      "size": 119,
      "date": 132542717647426200
    },
    {
      "path": "SimObjects/Airplanes/Asobo_Longitude/TEXTURE/LONGITUDE_AIRFRAME_LOD6_ALBD.PNG.DDS",
      "size": 87528,
      "date": 132542718778625208
    },
    {
      "path": "SimObjects/Airplanes/Asobo_Longitude/TEXTURE/LONGITUDE_AIRFRAME_LOD6_ALBD.PNG.DDS.json",
      "size": 102,
      "date": 132542718778585208
    },
    {
      "path": "SimObjects/Airplanes/Asobo_Longitude/TEXTURE/LONGITUDE_AIRFRAME_TURBINE_BLUR_ALBD.PNG.DDS",
      "size": 1398256,
      "date": 132542717382449161
    },
    {
      "path": "SimObjects/Airplanes/Asobo_Longitude/TEXTURE/LONGITUDE_AIRFRAME_TURBINE_BLUR_ALBD.PNG.DDS.json",
      "size": 119,
      "date": 132542717382409164
    },
    {
      "path": "SimObjects/Airplanes/Asobo_Longitude/TEXTURE/LONGITUDE_AIRFRAME_TURBINE_BLUR_COMP.PNG.DDS",
      "size": 349700,
      "date": 132542717346838587
    },
    {
      "path": "SimObjects/Airplanes/Asobo_Longitude/TEXTURE/LONGITUDE_AIRFRAME_TURBINE_BLUR_COMP.PNG.DDS.json",
      "size": 191,
      "date": 132542717346808348
    },
    {
      "path": "SimObjects/Airplanes/Asobo_Longitude/TEXTURE/LONGITUDE_AIRFRAME_TURBINE_STATIC_ALBD.PNG.DDS",
      "size": 699192,
      "date": 132542717737884907
    },
    {
      "path": "SimObjects/Airplanes/Asobo_Longitude/TEXTURE/LONGITUDE_AIRFRAME_TURBINE_STATIC_ALBD.PNG.DDS.json",
      "size": 102,
      "date": 132542717737864901
    },
    {
      "path": "SimObjects/Airplanes/Asobo_Longitude/TEXTURE/LONGITUDE_AIRFRAME_TURBINE_STATIC_COMP.PNG.DDS",
      "size": 1398276,
      "date": 132542717578565469
    },
    {
      "path": "SimObjects/Airplanes/Asobo_Longitude/TEXTURE/LONGITUDE_AIRFRAME_TURBINE_STATIC_COMP.PNG.DDS.json",
      "size": 191,
      "date": 132542717578495493
    },
    {
      "path": "SimObjects/Airplanes/Asobo_Longitude/TEXTURE/LONGITUDE_AIRFRAME_UNDERCARRIAGE_ALBD.PNG.DDS",
      "size": 2796344,
      "date": 132542717753635147
    },
    {
      "path": "SimObjects/Airplanes/Asobo_Longitude/TEXTURE/LONGITUDE_AIRFRAME_UNDERCARRIAGE_ALBD.PNG.DDS.json",
      "size": 102,
      "date": 132542717753575144
    },
    {
      "path": "SimObjects/Airplanes/Asobo_Longitude/TEXTURE/LONGITUDE_AIRFRAME_UNDERCARRIAGE_COMP.PNG.DDS",
      "size": 5592580,
      "date": 132542717512751160
    },
    {
      "path": "SimObjects/Airplanes/Asobo_Longitude/TEXTURE/LONGITUDE_AIRFRAME_UNDERCARRIAGE_COMP.PNG.DDS.json",
      "size": 191,
      "date": 132542717512611126
    },
    {
      "path": "SimObjects/Airplanes/Asobo_Longitude/TEXTURE/LONGITUDE_AIRFRAME_UNDERCARRIAGE_NORM.PNG.DDS",
      "size": 5592560,
      "date": 132542717639826085
    },
    {
      "path": "SimObjects/Airplanes/Asobo_Longitude/TEXTURE/LONGITUDE_AIRFRAME_UNDERCARRIAGE_NORM.PNG.DDS.json",
      "size": 160,
      "date": 132542717639736087
    },
    {
      "path": "SimObjects/Airplanes/Asobo_Longitude/TEXTURE/LONGITUDE_AIRFRAME_WHEEL_BLUR_ALBD.PNG.DDS",
      "size": 1398256,
      "date": 132542717330832237
    },
    {
      "path": "SimObjects/Airplanes/Asobo_Longitude/TEXTURE/LONGITUDE_AIRFRAME_WHEEL_BLUR_ALBD.PNG.DDS.json",
      "size": 119,
      "date": 132542717330782236
    },
    {
      "path": "SimObjects/Airplanes/Asobo_Longitude/TEXTURE/LONGITUDE_AIRFRAME_WHEEL_BLUR_COMP.PNG.DDS",
      "size": 1398276,
      "date": 132542717451743130
    },
    {
      "path": "SimObjects/Airplanes/Asobo_Longitude/TEXTURE/LONGITUDE_AIRFRAME_WHEEL_BLUR_COMP.PNG.DDS.json",
      "size": 191,
      "date": 132542717451682849
    },
    {
      "path": "SimObjects/Airplanes/Asobo_Longitude/TEXTURE/LONGITUDE_AIRFRAME_WHEEL_STILL_ALBD.PNG.DDS",
      "size": 2796344,
      "date": 132542717589276595
    },
    {
      "path": "SimObjects/Airplanes/Asobo_Longitude/TEXTURE/LONGITUDE_AIRFRAME_WHEEL_STILL_ALBD.PNG.DDS.json",
      "size": 102,
      "date": 132542717589216596
    },
    {
      "path": "SimObjects/Airplanes/Asobo_Longitude/TEXTURE/LONGITUDE_AIRFRAME_WHEEL_STILL_COMP.PNG.DDS",
      "size": 5592580,
      "date": 132542717727524763
    },
    {
      "path": "SimObjects/Airplanes/Asobo_Longitude/TEXTURE/LONGITUDE_AIRFRAME_WHEEL_STILL_COMP.PNG.DDS.json",
      "size": 191,
      "date": 132542717727384975
    },
    {
      "path": "SimObjects/Airplanes/Asobo_Longitude/TEXTURE/LONGITUDE_AIRFRAME_WHEEL_STILL_NORM.PNG.DDS",
      "size": 5592560,
      "date": 132542717674921675
    },
    {
      "path": "SimObjects/Airplanes/Asobo_Longitude/TEXTURE/LONGITUDE_AIRFRAME_WHEEL_STILL_NORM.PNG.DDS.json",
      "size": 160,
      "date": 132542717674821675
    },
    {
      "path": "SimObjects/Airplanes/Asobo_Longitude/TEXTURE/LONGITUDE_AIRFRAME_WINDSHIELD_ALBD.PNG.DDS",
      "size": 5592560,
      "date": 132542717459882930
    },
    {
      "path": "SimObjects/Airplanes/Asobo_Longitude/TEXTURE/LONGITUDE_AIRFRAME_WINDSHIELD_ALBD.PNG.DDS.json",
      "size": 119,
      "date": 132542717459792943
    },
    {
      "path": "SimObjects/Airplanes/Asobo_Longitude/TEXTURE/LONGITUDE_AIRFRAME_WINDSHIELD_COMP.PNG.DDS",
      "size": 5592580,
      "date": 132542717805331003
    },
    {
      "path": "SimObjects/Airplanes/Asobo_Longitude/TEXTURE/LONGITUDE_AIRFRAME_WINDSHIELD_COMP.PNG.DDS.json",
      "size": 191,
      "date": 132542717805161003
    },
    {
      "path": "SimObjects/Airplanes/Asobo_Longitude/TEXTURE/LONGITUDE_AIRFRAME_WINGS_ALBD.PNG.DDS",
      "size": 2796344,
      "date": 132542718708053211
    },
    {
      "path": "SimObjects/Airplanes/Asobo_Longitude/TEXTURE/LONGITUDE_AIRFRAME_WINGS_ALBD.PNG.DDS.json",
      "size": 102,
      "date": 132542718707993215
    },
    {
      "path": "SimObjects/Airplanes/Asobo_Longitude/TEXTURE/LONGITUDE_AIRFRAME_WINGS_COMP.PNG.DDS",
      "size": 5592580,
      "date": 132542718592628391
    },
    {
      "path": "SimObjects/Airplanes/Asobo_Longitude/TEXTURE/LONGITUDE_AIRFRAME_WINGS_COMP.PNG.DDS.json",
      "size": 191,
      "date": 132542718592478401
    },
    {
      "path": "SimObjects/Airplanes/Asobo_Longitude/TEXTURE/LONGITUDE_AIRFRAME_WINGS_NORM.PNG.DDS",
      "size": 5592560,
      "date": 132542717376089062
    },
    {
      "path": "SimObjects/Airplanes/Asobo_Longitude/TEXTURE/LONGITUDE_AIRFRAME_WINGS_NORM.PNG.DDS.json",
      "size": 160,
      "date": 132542717375989063
    },
    {
      "path": "SimObjects/Airplanes/Asobo_Longitude/TEXTURE/LONGITUDE_COCKPIT_BUTTONS_ALBD.PNG.DDS",
      "size": 2796344,
      "date": 132542717928630228
    },
    {
      "path": "SimObjects/Airplanes/Asobo_Longitude/TEXTURE/LONGITUDE_COCKPIT_BUTTONS_ALBD.PNG.DDS.json",
      "size": 102,
      "date": 132542717928580216
    },
    {
      "path": "SimObjects/Airplanes/Asobo_Longitude/TEXTURE/LONGITUDE_COCKPIT_BUTTONS_COMP.PNG.DDS",
      "size": 5592580,
      "date": 132542718047159750
    },
    {
      "path": "SimObjects/Airplanes/Asobo_Longitude/TEXTURE/LONGITUDE_COCKPIT_BUTTONS_COMP.PNG.DDS.json",
      "size": 191,
      "date": 132542718047079443
    },
    {
      "path": "SimObjects/Airplanes/Asobo_Longitude/TEXTURE/LONGITUDE_COCKPIT_BUTTONS_EMIS.PNG.DDS",
      "size": 2796344,
      "date": 132542717843293377
    },
    {
      "path": "SimObjects/Airplanes/Asobo_Longitude/TEXTURE/LONGITUDE_COCKPIT_BUTTONS_EMIS.PNG.DDS.json",
      "size": 102,
      "date": 132542717843233383
    },
    {
      "path": "SimObjects/Airplanes/Asobo_Longitude/TEXTURE/LONGITUDE_COCKPIT_BUTTONS_NORM.PNG.DDS",
      "size": 5592560,
      "date": 132542718193489735
    },
    {
      "path": "SimObjects/Airplanes/Asobo_Longitude/TEXTURE/LONGITUDE_COCKPIT_BUTTONS_NORM.PNG.DDS.json",
      "size": 160,
      "date": 132542718193389737
    },
    {
      "path": "SimObjects/Airplanes/Asobo_Longitude/TEXTURE/LONGITUDE_COCKPIT_CURTAIN_ALBD.PNG.DDS",
      "size": 2796344,
      "date": 132542717920400104
    },
    {
      "path": "SimObjects/Airplanes/Asobo_Longitude/TEXTURE/LONGITUDE_COCKPIT_CURTAIN_ALBD.PNG.DDS.json",
      "size": 102,
      "date": 132542717920340103
    },
    {
      "path": "SimObjects/Airplanes/Asobo_Longitude/TEXTURE/LONGITUDE_COCKPIT_CURTAIN_COMP.PNG.DDS",
      "size": 5592580,
      "date": 132542718101379456
    },
    {
      "path": "SimObjects/Airplanes/Asobo_Longitude/TEXTURE/LONGITUDE_COCKPIT_CURTAIN_COMP.PNG.DDS.json",
      "size": 191,
      "date": 132542718101249453
    },
    {
      "path": "SimObjects/Airplanes/Asobo_Longitude/TEXTURE/LONGITUDE_COCKPIT_CURTAIN_NORM.PNG.DDS",
      "size": 5592560,
      "date": 132542718168878997
    },
    {
      "path": "SimObjects/Airplanes/Asobo_Longitude/TEXTURE/LONGITUDE_COCKPIT_CURTAIN_NORM.PNG.DDS.json",
      "size": 160,
      "date": 132542718168789006
    },
    {
      "path": "SimObjects/Airplanes/Asobo_Longitude/TEXTURE/LONGITUDE_COCKPIT_DECALS1_ALBD.PNG.DDS",
      "size": 1398256,
      "date": 132542718369107016
    },
    {
      "path": "SimObjects/Airplanes/Asobo_Longitude/TEXTURE/LONGITUDE_COCKPIT_DECALS1_ALBD.PNG.DDS.json",
      "size": 119,
      "date": 132542718369067019
    },
    {
      "path": "SimObjects/Airplanes/Asobo_Longitude/TEXTURE/LONGITUDE_COCKPIT_DECALS1_COMP.PNG.DDS",
      "size": 1398276,
      "date": 132542718260923735
    },
    {
      "path": "SimObjects/Airplanes/Asobo_Longitude/TEXTURE/LONGITUDE_COCKPIT_DECALS1_COMP.PNG.DDS.json",
      "size": 191,
      "date": 132542718260863739
    },
    {
      "path": "SimObjects/Airplanes/Asobo_Longitude/TEXTURE/LONGITUDE_COCKPIT_DECALS1_EMIS.PNG.DDS",
      "size": 699192,
      "date": 132542718332508641
    },
    {
      "path": "SimObjects/Airplanes/Asobo_Longitude/TEXTURE/LONGITUDE_COCKPIT_DECALS1_EMIS.PNG.DDS.json",
      "size": 102,
      "date": 132542718332488643
    },
    {
      "path": "SimObjects/Airplanes/Asobo_Longitude/TEXTURE/LONGITUDE_COCKPIT_DECALS1_NORM.PNG.DDS",
      "size": 1398256,
      "date": 132542718263233776
    },
    {
      "path": "SimObjects/Airplanes/Asobo_Longitude/TEXTURE/LONGITUDE_COCKPIT_DECALS1_NORM.PNG.DDS.json",
      "size": 160,
      "date": 132542718263203767
    },
    {
      "path": "SimObjects/Airplanes/Asobo_Longitude/TEXTURE/LONGITUDE_COCKPIT_DECALS2_ALBD.TIF.DDS",
      "size": 5592560,
      "date": 132542718108329540
    },
    {
      "path": "SimObjects/Airplanes/Asobo_Longitude/TEXTURE/LONGITUDE_COCKPIT_DECALS2_ALBD.TIF.DDS.FLAGS",
      "size": 18,
      "date": 132246952210000000
    },
    {
      "path": "SimObjects/Airplanes/Asobo_Longitude/TEXTURE/LONGITUDE_COCKPIT_DECALS2_ALBD.TIF.DDS.json",
      "size": 119,
      "date": 132542718108239543
    },
    {
      "path": "SimObjects/Airplanes/Asobo_Longitude/TEXTURE/LONGITUDE_COCKPIT_DECALS2_EMIS.TIF.DDS",
      "size": 5592560,
      "date": 132542718187219646
    },
    {
      "path": "SimObjects/Airplanes/Asobo_Longitude/TEXTURE/LONGITUDE_COCKPIT_DECALS2_EMIS.TIF.DDS.json",
      "size": 119,
      "date": 132542718187109648
    },
    {
      "path": "SimObjects/Airplanes/Asobo_Longitude/TEXTURE/LONGITUDE_COCKPIT_MAINPANEL_PEDESTAL_ALBD.PNG.DDS",
      "size": 2796344,
      "date": 132542718382817222
    },
    {
      "path": "SimObjects/Airplanes/Asobo_Longitude/TEXTURE/LONGITUDE_COCKPIT_MAINPANEL_PEDESTAL_ALBD.PNG.DDS.json",
      "size": 102,
      "date": 132542718382767218
    },
    {
      "path": "SimObjects/Airplanes/Asobo_Longitude/TEXTURE/LONGITUDE_COCKPIT_MAINPANEL_PEDESTAL_COMP.PNG.DDS",
      "size": 5592580,
      "date": 132542718246727214
    },
    {
      "path": "SimObjects/Airplanes/Asobo_Longitude/TEXTURE/LONGITUDE_COCKPIT_MAINPANEL_PEDESTAL_COMP.PNG.DDS.json",
      "size": 191,
      "date": 132542718246637183
    },
    {
      "path": "SimObjects/Airplanes/Asobo_Longitude/TEXTURE/LONGITUDE_COCKPIT_MAINPANEL_PEDESTAL_EMIS.PNG.DDS",
      "size": 22369776,
      "date": 132542718367257006
    },
    {
      "path": "SimObjects/Airplanes/Asobo_Longitude/TEXTURE/LONGITUDE_COCKPIT_MAINPANEL_PEDESTAL_EMIS.PNG.DDS.json",
      "size": 119,
      "date": 132542718366926984
    },
    {
      "path": "SimObjects/Airplanes/Asobo_Longitude/TEXTURE/LONGITUDE_COCKPIT_MAINPANEL_PEDESTAL_NORM.PNG.DDS",
      "size": 5592560,
      "date": 132542718268323840
    },
    {
      "path": "SimObjects/Airplanes/Asobo_Longitude/TEXTURE/LONGITUDE_COCKPIT_MAINPANEL_PEDESTAL_NORM.PNG.DDS.json",
      "size": 160,
      "date": 132542718268223839
    },
    {
      "path": "SimObjects/Airplanes/Asobo_Longitude/TEXTURE/LONGITUDE_COCKPIT_PEDALS_ALBD.PNG.DDS",
      "size": 2796344,
      "date": 132542717992300220
    },
    {
      "path": "SimObjects/Airplanes/Asobo_Longitude/TEXTURE/LONGITUDE_COCKPIT_PEDALS_ALBD.PNG.DDS.json",
      "size": 102,
      "date": 132542717992250222
    },
    {
      "path": "SimObjects/Airplanes/Asobo_Longitude/TEXTURE/LONGITUDE_COCKPIT_PEDALS_COMP.PNG.DDS",
      "size": 5592580,
      "date": 132542717981745693
    },
    {
      "path": "SimObjects/Airplanes/Asobo_Longitude/TEXTURE/LONGITUDE_COCKPIT_PEDALS_COMP.PNG.DDS.json",
      "size": 191,
      "date": 132542717981605661
    },
    {
      "path": "SimObjects/Airplanes/Asobo_Longitude/TEXTURE/LONGITUDE_COCKPIT_PEDALS_NORM.PNG.DDS",
      "size": 5592560,
      "date": 132542717838103301
    },
    {
      "path": "SimObjects/Airplanes/Asobo_Longitude/TEXTURE/LONGITUDE_COCKPIT_PEDALS_NORM.PNG.DDS.json",
      "size": 160,
      "date": 132542717837993307
    },
    {
      "path": "SimObjects/Airplanes/Asobo_Longitude/TEXTURE/LONGITUDE_COCKPIT_SCREENS_ALBD.PNG.DDS",
      "size": 2796344,
      "date": 132542718457647603
    },
    {
      "path": "SimObjects/Airplanes/Asobo_Longitude/TEXTURE/LONGITUDE_COCKPIT_SCREENS_ALBD.PNG.DDS.json",
      "size": 102,
      "date": 132542718457587604
    },
    {
      "path": "SimObjects/Airplanes/Asobo_Longitude/TEXTURE/LONGITUDE_COCKPIT_SCREENS_COMP.PNG.DDS",
      "size": 5592580,
      "date": 132542718450907529
    },
    {
      "path": "SimObjects/Airplanes/Asobo_Longitude/TEXTURE/LONGITUDE_COCKPIT_SCREENS_COMP.PNG.DDS.json",
      "size": 191,
      "date": 132542718450817505
    },
    {
      "path": "SimObjects/Airplanes/Asobo_Longitude/TEXTURE/LONGITUDE_COCKPIT_SEATS_ALBD.PNG.DDS",
      "size": 2796344,
      "date": 132542718276653964
    },
    {
      "path": "SimObjects/Airplanes/Asobo_Longitude/TEXTURE/LONGITUDE_COCKPIT_SEATS_ALBD.PNG.DDS.json",
      "size": 102,
      "date": 132542718276593957
    },
    {
      "path": "SimObjects/Airplanes/Asobo_Longitude/TEXTURE/LONGITUDE_COCKPIT_SEATS_COMP.PNG.DDS",
      "size": 5592580,
      "date": 132542718331098921
    },
    {
      "path": "SimObjects/Airplanes/Asobo_Longitude/TEXTURE/LONGITUDE_COCKPIT_SEATS_COMP.PNG.DDS.json",
      "size": 191,
      "date": 132542718330978672
    },
    {
      "path": "SimObjects/Airplanes/Asobo_Longitude/TEXTURE/LONGITUDE_COCKPIT_SEATS_NORM.PNG.DDS",
      "size": 5592560,
      "date": 132542718375467105
    },
    {
      "path": "SimObjects/Airplanes/Asobo_Longitude/TEXTURE/LONGITUDE_COCKPIT_SEATS_NORM.PNG.DDS.json",
      "size": 160,
      "date": 132542718375387111
    },
    {
      "path": "SimObjects/Airplanes/Asobo_Longitude/TEXTURE/LONGITUDE_COCKPIT_SIDETOPPANEL_ALBD.PNG.DDS",
      "size": 2796344,
      "date": 132542717912419227
    },
    {
      "path": "SimObjects/Airplanes/Asobo_Longitude/TEXTURE/LONGITUDE_COCKPIT_SIDETOPPANEL_ALBD.PNG.DDS.json",
      "size": 102,
      "date": 132542717912359226
    },
    {
      "path": "SimObjects/Airplanes/Asobo_Longitude/TEXTURE/LONGITUDE_COCKPIT_SIDETOPPANEL_COMP.PNG.DDS",
      "size": 5592580,
      "date": 132542718161008179
    },
    {
      "path": "SimObjects/Airplanes/Asobo_Longitude/TEXTURE/LONGITUDE_COCKPIT_SIDETOPPANEL_COMP.PNG.DDS.json",
      "size": 191,
      "date": 132542718160878177
    },
    {
      "path": "SimObjects/Airplanes/Asobo_Longitude/TEXTURE/LONGITUDE_COCKPIT_SIDETOPPANEL_EMIS.PNG.DDS",
      "size": 11184952,
      "date": 132542717828601313
    },
    {
      "path": "SimObjects/Airplanes/Asobo_Longitude/TEXTURE/LONGITUDE_COCKPIT_SIDETOPPANEL_EMIS.PNG.DDS.json",
      "size": 102,
      "date": 132542717828431309
    },
    {
      "path": "SimObjects/Airplanes/Asobo_Longitude/TEXTURE/LONGITUDE_COCKPIT_SIDETOPPANEL_NORM.PNG.DDS",
      "size": 5592560,
      "date": 132542718173159053
    },
    {
      "path": "SimObjects/Airplanes/Asobo_Longitude/TEXTURE/LONGITUDE_COCKPIT_SIDETOPPANEL_NORM.PNG.DDS.json",
      "size": 160,
      "date": 132542718173049057
    },
    {
      "path": "SimObjects/Airplanes/Asobo_Longitude/TEXTURE/LONGITUDE_COCKPIT_WINDSHIELD_INT_ALBD.PNG.DDS",
      "size": 496,
      "date": 132542718263373769
    },
    {
      "path": "SimObjects/Airplanes/Asobo_Longitude/TEXTURE/LONGITUDE_COCKPIT_WINDSHIELD_INT_ALBD.PNG.DDS.json",
      "size": 119,
      "date": 132542718263363766
    },
    {
      "path": "SimObjects/Airplanes/Asobo_Longitude/TEXTURE/LONGITUDE_COCKPIT_WINDSHIELD_INT_COMP.PNG.DDS",
      "size": 1398276,
      "date": 132542718347016769
    },
    {
      "path": "SimObjects/Airplanes/Asobo_Longitude/TEXTURE/LONGITUDE_COCKPIT_WINDSHIELD_INT_COMP.PNG.DDS.json",
      "size": 191,
      "date": 132542718346956773
    },
    {
      "path": "SimObjects/Airplanes/Asobo_Longitude/TEXTURE/LONGITUDE_COCKPIT_YOKE_ALBD.PNG.DDS",
      "size": 2796344,
      "date": 132542718181089561
    },
    {
      "path": "SimObjects/Airplanes/Asobo_Longitude/TEXTURE/LONGITUDE_COCKPIT_YOKE_ALBD.PNG.DDS.json",
      "size": 102,
      "date": 132542718181029556
    },
    {
      "path": "SimObjects/Airplanes/Asobo_Longitude/TEXTURE/LONGITUDE_COCKPIT_YOKE_COMP.PNG.DDS",
      "size": 5592580,
      "date": 132542717898338532
    },
    {
      "path": "SimObjects/Airplanes/Asobo_Longitude/TEXTURE/LONGITUDE_COCKPIT_YOKE_COMP.PNG.DDS.json",
      "size": 191,
      "date": 132542717898248379
    },
    {
      "path": "SimObjects/Airplanes/Asobo_Longitude/TEXTURE/LONGITUDE_COCKPIT_YOKE_NORM.PNG.DDS",
      "size": 5592560,
      "date": 132542717905059121
    },
    {
      "path": "SimObjects/Airplanes/Asobo_Longitude/TEXTURE/LONGITUDE_COCKPIT_YOKE_NORM.PNG.DDS.json",
      "size": 160,
      "date": 132542717904939126
    },
    {
      "path": "SimObjects/Airplanes/Asobo_Longitude/TEXTURE/texture.CFG",
      "size": 200,
      "date": 132264245330000000
    },
    {
      "path": "SimObjects/Airplanes/Asobo_Longitude/TEXTURE/thumbnail.JPG",
      "size": 145478,
      "date": 132524124630000000
    },
    {
      "path": "SimObjects/Airplanes/Asobo_Longitude/TEXTURE/thumbnail_small.JPG",
      "size": 29437,
      "date": 132524126190000000
    },
    {
      "path": "SimObjects/Xml.fsarchive",
      "size": 147261,
      "date": 132587335123741037
    },
    {
      "path": "SimObjects/Model.fsarchive",
      "size": 22036828,
      "date": 132587335125026039
    }
  ]
}